City_ID,City,Country,Date,Lat,Lng,Max Temp,Humidity,Cloudiness,Wind Speed
0,Butaritari,KI,2022-03-18 20:46:45,3.0707,172.7902,80.53,81,23,19.15
1,Azle,US,2022-03-18 20:46:07,32.8951,-97.5459,66.67,36,20,19.57
2,Yellowknife,CA,2022-03-18 20:45:15,62.456,-114.3525,24.42,80,75,4.61
3,Kodiak,US,2022-03-18 20:46:46,57.79,-152.4072,33.31,75,100,13.8
4,Koumac,NC,2022-03-18 20:46:47,-20.5667,164.2833,79.86,76,54,3.18
5,Coquimbo,CL,2022-03-18 20:43:16,-29.9533,-71.3436,67.73,72,0,16.11
6,Atherton,GB,2022-03-18 20:46:47,53.5237,-2.4935,52.25,70,8,3.0
7,Paita,PE,2022-03-18 20:46:47,-5.0892,-81.1144,79.81,67,12,18.81
8,Isangel,VU,2022-03-18 20:46:48,-19.55,169.2667,82.42,73,100,3.58
9,Vaini,TO,2022-03-18 20:46:48,-21.2,-175.2,78.96,83,100,17.27
10,Port Hardy,CA,2022-03-18 20:46:48,50.6996,-127.4199,46.58,76,100,17.27
11,General Jose Eduvigis Diaz,PY,2022-03-18 20:46:49,-27.1667,-58.4167,79.09,87,97,9.64
12,Mataura,NZ,2022-03-18 20:41:56,-46.1927,168.8643,55.47,69,100,4.32
13,Rikitea,PF,2022-03-18 20:46:49,-23.1203,-134.9692,80.4,77,46,13.33
14,Kahului,US,2022-03-18 20:46:49,20.8947,-156.47,82.98,66,40,16.11
15,Wairoa,NZ,2022-03-18 20:46:50,-39.0333,177.3667,59.56,85,97,4.0
16,Punta Arenas,CL,2022-03-18 20:46:16,-53.15,-70.9167,46.51,53,0,12.66
17,Hasaki,JP,2022-03-18 20:46:50,35.7333,140.8333,41.4,81,100,13.78
18,Kapaa,US,2022-03-18 20:43:38,22.0752,-159.319,80.11,69,20,13.8
19,Bambous Virieux,MU,2022-03-18 20:46:51,-20.3428,57.7575,78.22,94,20,3.44
20,Port Elizabeth,ZA,2022-03-18 20:42:00,-33.918,25.5701,69.31,95,0,10.36
21,Ushuaia,AR,2022-03-18 20:41:59,-54.8,-68.3,40.66,70,75,18.41
22,Hilo,US,2022-03-18 20:42:11,19.7297,-155.09,80.11,70,75,5.75
23,Brooks,CA,2022-03-18 20:42:05,50.5834,-111.8851,53.58,35,81,4.61
24,Predivinsk,RU,2022-03-18 20:46:52,57.0669,93.4378,0.77,100,97,2.75
25,Novoagansk,RU,2022-03-18 20:46:52,61.9449,76.6625,24.6,96,100,9.75
26,Busselton,AU,2022-03-18 20:46:52,-33.65,115.3333,64.78,80,99,17.49
27,Swarzedz,PL,2022-03-18 20:43:59,52.4129,17.085,41.74,51,7,1.14
28,Mount Isa,AU,2022-03-18 20:46:53,-20.7333,139.5,65.97,59,100,0.0
29,Viedma,AR,2022-03-18 20:46:53,-40.8135,-62.9967,63.61,20,2,11.32
30,Wilmington,US,2022-03-18 20:42:19,34.2257,-77.9447,75.11,61,0,13.8
31,Itarema,BR,2022-03-18 20:46:53,-2.9248,-39.9167,79.68,79,27,11.18
32,Vila Franca Do Campo,PT,2022-03-18 20:46:53,37.7167,-25.4333,54.19,74,58,19.26
33,Bluff,NZ,2022-03-18 20:46:54,-46.6,168.3333,55.8,72,100,8.12
34,Bac Lieu,VN,2022-03-18 20:46:54,9.285,105.7244,79.61,82,24,4.97
35,Iquique,CL,2022-03-18 20:46:55,-20.2208,-70.1431,69.84,76,19,8.46
36,Clyde River,CA,2022-03-18 20:46:55,70.4692,-68.5914,-14.57,76,40,4.61
37,Puerto Ayora,EC,2022-03-18 20:46:03,-0.7393,-90.3518,85.96,72,54,7.78
38,Mount Gambier,AU,2022-03-18 20:46:55,-37.8333,140.7667,48.11,100,1,4.61
39,Bhadrapur,NP,2022-03-18 20:46:56,26.544,88.0944,77.54,37,91,0.92
40,Prince Rupert,CA,2022-03-18 20:45:09,54.3161,-130.3201,42.89,75,100,44.87
41,Sao Miguel,BR,2022-03-18 20:46:56,-5.4667,-35.3667,83.17,73,35,14.63
42,Chuy,UY,2022-03-18 20:46:56,-33.6971,-53.4616,62.74,88,100,17.9
43,Naze,JP,2022-03-18 20:46:56,28.3667,129.4833,61.72,73,100,10.83
44,Kavaratti,IN,2022-03-18 20:46:57,10.5669,72.642,82.42,73,15,10.56
45,Carnarvon,AU,2022-03-18 20:46:57,-24.8667,113.6333,77.07,65,88,18.41
46,Cortez,US,2022-03-18 20:47:57,37.3489,-108.5859,52.56,18,0,9.22
47,Longyearbyen,SJ,2022-03-18 20:47:58,78.2186,15.6401,31.84,64,40,20.71
48,Cabo San Lucas,MX,2022-03-18 20:44:06,22.8909,-109.9124,84.61,51,0,11.5
49,San Cristobal,VE,2022-03-18 20:43:31,7.7669,-72.225,75.38,45,93,3.18
50,Provideniya,RU,2022-03-18 20:47:58,64.3833,-173.3,0.25,76,1,6.44
51,Victor Harbor,AU,2022-03-18 20:47:58,-35.5667,138.6167,55.0,88,0,7.29
52,Petropavlovsk-Kamchatskiy,RU,2022-03-18 20:45:08,53.0452,158.6483,27.19,74,75,6.71
53,Qaanaaq,GL,2022-03-18 20:47:37,77.484,-69.3632,-7.69,93,100,4.63
54,Barrow,US,2022-03-18 20:47:59,71.2906,-156.7887,-14.78,70,0,12.66
55,Falmouth,GB,2022-03-18 20:47:59,50.1544,-5.0711,49.1,81,0,17.27
56,Tasiilaq,GL,2022-03-18 20:47:59,65.6145,-37.6368,21.36,82,16,2.28
57,Guane,CU,2022-03-18 20:47:59,22.2025,-84.0875,85.57,56,2,12.68
58,Atuona,PF,2022-03-18 20:47:35,-9.8,-139.0333,78.78,75,10,17.65
59,Hermanus,ZA,2022-03-18 20:47:33,-34.4187,19.2345,64.8,87,94,9.28
60,Mar Del Plata,AR,2022-03-18 20:48:00,-38.0023,-57.5575,60.82,59,40,15.01
61,Tuktoyaktuk,CA,2022-03-18 20:48:00,69.4541,-133.0374,-7.6,77,100,6.91
62,Shingu,JP,2022-03-18 20:48:00,33.7333,135.9833,50.72,88,22,6.24
63,Gat,IL,2022-03-18 20:45:00,31.61,34.7642,55.4,100,28,5.95
64,Irbit,RU,2022-03-18 20:48:01,57.6705,63.071,12.67,96,38,6.33
65,Sal Rei,CV,2022-03-18 20:48:01,16.1833,-22.9167,69.46,78,86,15.95
66,East London,ZA,2022-03-18 20:48:01,-33.0153,27.9116,70.68,86,65,9.98
67,Vestmanna,FO,2022-03-18 20:48:02,62.1564,-7.1664,47.32,87,100,23.02
68,Saskylakh,RU,2022-03-18 20:48:02,71.9167,114.0833,8.67,95,100,11.83
69,Dikson,RU,2022-03-18 20:48:02,73.5069,80.5464,19.54,86,70,17.54
70,Port Keats,AU,2022-03-18 20:48:03,-14.25,129.55,78.49,88,95,8.5
71,Bredasdorp,ZA,2022-03-18 20:48:03,-34.5322,20.0403,66.78,97,37,4.59
72,Torbay,CA,2022-03-18 20:45:16,47.6666,-52.7314,44.76,97,100,12.66
73,Cidreira,BR,2022-03-18 20:48:03,-30.1811,-50.2056,77.47,80,67,8.32
74,Nouadhibou,MR,2022-03-18 20:48:04,20.931,-17.0347,67.98,56,94,18.41
75,Kaohsiung,TW,2022-03-18 20:48:04,22.6163,120.3133,75.15,83,75,10.36
76,Kamina,CD,2022-03-18 20:48:04,-8.7386,24.9906,59.0,95,89,1.99
77,Thompson,CA,2022-03-18 20:47:38,55.7435,-97.8558,42.96,52,75,9.22
78,Chistogorskiy,RU,2022-03-18 20:48:05,53.9835,87.3843,-0.47,100,91,1.99
79,Kapit,MY,2022-03-18 20:48:05,2.0167,112.9333,73.4,100,100,0.72
80,Saint-Pierre,RE,2022-03-18 20:47:36,-21.3393,55.4781,78.48,87,0,3.44
81,Pevek,RU,2022-03-18 20:48:05,69.7008,170.3133,-17.7,90,9,8.72
82,New Norfolk,AU,2022-03-18 20:47:35,-42.7826,147.0587,46.71,75,26,1.88
83,Albany,US,2022-03-18 20:48:06,42.6001,-73.9662,71.38,48,67,0.81
84,Hobart,AU,2022-03-18 20:47:28,-42.8794,147.3294,47.05,90,20,8.05
85,Russell,US,2022-03-18 20:48:06,32.3502,-85.1999,58.15,94,100,6.91
86,Kavieng,PG,2022-03-18 20:48:06,-2.5744,150.7967,82.94,69,49,12.84
87,Avarua,CK,2022-03-18 20:43:17,-21.2078,-159.775,84.25,74,20,6.91
88,Okhotsk,RU,2022-03-18 20:48:07,59.3833,143.3,10.67,95,100,6.08
89,Zhezkazgan,KZ,2022-03-18 20:48:07,47.8043,67.7144,2.52,95,58,6.64
90,Moree,AU,2022-03-18 20:48:07,-29.4667,149.85,62.62,88,40,6.91
91,Golden,US,2022-03-18 20:43:18,39.7555,-105.2211,52.52,39,40,6.91
92,Nongpoh,IN,2022-03-18 20:48:07,25.9,91.8833,69.8,42,31,4.23
93,Vostok,RU,2022-03-18 20:48:08,46.4856,135.8833,1.33,99,99,3.18
94,Lebu,CL,2022-03-18 20:47:30,-37.6167,-73.65,57.97,61,96,17.05
95,Norman Wells,CA,2022-03-18 20:49:08,65.282,-126.8329,6.84,66,20,5.75
96,Reconquista,AR,2022-03-18 20:49:08,-29.15,-59.65,69.89,63,91,15.1
97,Ribeira Grande,PT,2022-03-18 20:49:09,38.5167,-28.7,54.0,54,75,21.85
98,Dingle,PH,2022-03-18 20:49:09,10.9995,122.6711,76.93,85,92,5.21
99,Bubaque,GW,2022-03-18 20:49:09,11.2833,-15.8333,76.64,70,0,17.13
100,Adrar,MR,2022-03-18 20:49:09,20.5022,-10.0711,71.2,24,4,8.97
101,Sakakah,SA,2022-03-18 20:49:10,29.9697,40.2064,54.97,32,0,2.73
102,Namatanai,PG,2022-03-18 20:49:10,-3.6667,152.4333,80.53,74,97,8.12
103,Mahebourg,MU,2022-03-18 20:47:32,-20.4081,57.7,78.26,94,20,3.44
104,Champerico,GT,2022-03-18 20:49:10,14.3,-91.9167,95.54,56,1,13.24
105,Khatanga,RU,2022-03-18 20:49:11,71.9667,102.5,20.86,96,100,9.82
106,Alofi,NU,2022-03-18 20:49:11,-19.0595,-169.9187,82.29,78,75,8.05
107,Esperance,AU,2022-03-18 20:49:11,-33.8667,121.9,69.64,84,100,14.52
108,Saint-Philippe,RE,2022-03-18 20:48:46,-21.3585,55.7679,78.39,87,81,3.15
109,Bethel,US,2022-03-18 20:47:33,41.3712,-73.414,74.01,46,0,9.22
110,Faya,SA,2022-03-18 20:48:41,18.3851,42.4509,59.11,70,8,2.46
111,Esso,RU,2022-03-18 20:49:11,55.9333,158.7,8.85,96,95,4.63
112,The Valley,AI,2022-03-18 20:49:12,18.217,-63.0578,84.06,65,20,16.11
113,Biak,ID,2022-03-18 20:49:12,-0.9131,122.8766,76.68,82,100,2.68
114,Klaksvik,FO,2022-03-18 20:49:12,62.2266,-6.589,49.12,84,100,42.26
115,Tiksi,RU,2022-03-18 20:49:13,71.6872,128.8694,2.59,77,100,21.07
116,Makakilo City,US,2022-03-18 20:47:34,21.3469,-158.0858,80.92,52,40,11.5
117,Hithadhoo,MV,2022-03-18 20:49:13,-0.6,73.0833,83.28,74,41,14.52
118,Gigmoto,PH,2022-03-18 20:49:13,13.7796,124.39,79.21,88,93,4.79
119,Ferme-Neuve,CA,2022-03-18 20:49:13,46.7001,-75.4493,36.59,91,100,6.08
120,Carsamba,TR,2022-03-18 20:49:14,41.1989,36.7219,31.75,93,75,9.22
121,Yakeshi,CN,2022-03-18 20:49:14,49.2833,120.7333,-19.35,100,84,1.28
122,Imeni Poliny Osipenko,RU,2022-03-18 20:49:14,52.4201,136.4853,0.28,100,93,3.36
123,Port Hedland,AU,2022-03-18 20:49:15,-20.3167,118.5667,80.65,78,48,0.0
124,Jamestown,US,2022-03-18 20:44:46,42.097,-79.2353,67.64,37,75,5.75
125,Dehui,CN,2022-03-18 20:49:15,44.5333,125.7,15.46,90,100,9.13
126,Bela Palanka,RS,2022-03-18 20:49:15,43.2183,22.3111,34.39,59,0,4.56
127,Sambava,MG,2022-03-18 20:49:15,-14.2667,50.1667,78.24,91,100,3.89
128,Port Blair,IN,2022-03-18 20:49:16,11.6667,92.75,77.04,88,100,0.0
129,San Andres,CO,2022-03-18 20:49:16,12.5847,-81.7006,84.22,74,40,13.8
130,Talnakh,RU,2022-03-18 20:49:16,69.4865,88.3972,20.21,96,99,6.44
131,Katangli,RU,2022-03-18 20:49:17,51.7102,143.2326,25.02,97,100,7.83
132,Airai,TL,2022-03-18 20:49:17,-8.9266,125.4092,60.19,90,91,1.92
133,Ponta Do Sol,PT,2022-03-18 20:49:17,32.6667,-17.1,62.06,74,100,0.67
134,Ahipara,NZ,2022-03-18 20:49:17,-35.1667,173.1667,65.35,85,77,3.62
135,Muscat,OM,2022-03-18 20:49:18,23.6139,58.5922,78.82,55,0,13.18
136,Hambantota,LK,2022-03-18 20:49:18,6.1241,81.1185,78.19,86,6,12.35
137,Nikolskoye,RU,2022-03-18 20:49:18,59.7035,30.7861,35.49,92,5,4.83
138,Pedernales,DO,2022-03-18 20:49:19,18.0384,-71.744,84.36,55,86,8.08
139,Coolum Beach,AU,2022-03-18 20:49:19,-26.5333,153.1,69.33,93,85,12.5
140,Cherskiy,RU,2022-03-18 20:49:19,68.75,161.3,-16.08,94,25,5.26
141,Niort,FR,2022-03-18 20:50:20,46.3333,-0.3333,52.72,67,97,5.99
142,Lorengau,PG,2022-03-18 20:48:34,-2.0226,147.2712,82.56,75,48,7.45
143,Makat,KZ,2022-03-18 20:50:20,47.6469,53.3463,11.79,81,10,9.22
144,Joshimath,IN,2022-03-18 20:50:20,30.5667,79.5667,54.75,43,95,9.35
145,Pisco,PE,2022-03-18 20:50:21,-13.7,-76.2167,75.25,69,0,8.05
146,Castro,BR,2022-03-18 20:48:42,-24.7911,-50.0119,69.22,93,100,3.89
147,Luderitz,NA,2022-03-18 20:50:21,-26.6481,15.1594,71.11,60,63,6.44
148,Constantine,DZ,2022-03-18 20:50:21,36.365,6.6147,49.41,93,75,3.44
149,Verkh-Usugli,RU,2022-03-18 20:50:21,52.7,115.1667,3.49,98,100,1.05
150,Kudahuvadhoo,MV,2022-03-18 20:50:22,2.6708,72.8944,82.98,72,5,15.05
151,Nanortalik,GL,2022-03-18 20:49:50,60.1432,-45.2371,18.54,66,30,2.55
152,Igarka,RU,2022-03-18 20:50:22,67.4667,86.5833,18.7,96,89,9.37
153,Upernavik,GL,2022-03-18 20:49:51,72.7868,-56.1549,-20.56,78,68,6.98
154,Port Alfred,ZA,2022-03-18 20:48:41,-33.5906,26.891,70.63,87,76,10.4
155,Faanui,PF,2022-03-18 20:47:38,-16.4833,-151.75,81.68,68,0,10.85
156,Kailua,US,2022-03-18 20:45:28,21.4022,-157.7394,82.38,65,87,7.0
157,Latung,PH,2022-03-18 20:50:23,5.5,120.8833,82.24,78,92,4.94
158,Kokstad,ZA,2022-03-18 20:50:23,-30.5472,29.4241,56.14,92,15,3.51
159,Kaka,TM,2022-03-18 20:50:23,37.3482,59.6143,40.17,61,56,4.12
160,Lompoc,US,2022-03-18 20:49:15,34.6391,-120.4579,79.7,59,0,12.66
161,Mount Pleasant,US,2022-03-18 20:50:24,32.7941,-79.8626,75.99,74,20,6.91
162,Santa Marta,CO,2022-03-18 20:46:15,11.2408,-74.199,89.89,53,12,15.01
163,Saint George,US,2022-03-18 20:48:53,37.1041,-113.5841,71.26,17,0,3.44
164,Sorland,NO,2022-03-18 20:50:24,67.667,12.6934,42.66,79,100,32.82
165,Barra Do Garcas,BR,2022-03-18 20:50:24,-15.89,-52.2567,91.98,55,20,5.75
166,Kishtwar,IN,2022-03-18 20:50:24,33.3167,75.7667,55.29,61,0,5.32
167,Northam,GB,2022-03-18 20:49:55,51.0333,-4.2167,49.6,79,1,11.27
168,Abu Dhabi,AE,2022-03-18 20:50:25,24.4667,54.3667,68.11,70,0,13.8
169,Christchurch,NZ,2022-03-18 20:48:06,-43.5333,172.6333,60.42,75,96,12.66
170,Leningradskiy,RU,2022-03-18 20:50:25,69.3833,178.4167,-9.51,78,3,6.06
171,Beringovskiy,RU,2022-03-18 20:49:54,63.05,179.3167,-5.87,79,7,3.22
172,Yershov,RU,2022-03-18 20:50:25,51.3513,48.2766,1.42,100,100,3.29
173,Cape Town,ZA,2022-03-18 20:46:59,-33.9258,18.4232,68.11,81,0,16.11
174,Yulara,AU,2022-03-18 20:50:26,-25.2406,130.9889,73.24,43,93,6.91
175,Iqaluit,CA,2022-03-18 20:50:26,63.7506,-68.5145,-7.31,63,100,4.61
176,Saint Anthony,US,2022-03-18 20:50:26,45.0205,-93.218,47.89,56,0,13.8
177,Henties Bay,NA,2022-03-18 20:50:26,-22.116,14.2845,66.81,77,0,8.79
178,Burgersdorp,ZA,2022-03-18 20:50:27,-30.9977,26.3286,65.3,54,87,2.55
179,Bilma,NE,2022-03-18 20:50:27,18.6853,12.9164,74.44,7,3,7.49
180,Nizwa,OM,2022-03-18 20:50:27,22.9333,57.5333,71.92,41,0,1.61
181,Fort Wellington,GY,2022-03-18 20:50:28,6.4,-57.6,79.25,79,84,11.21
182,Salina,US,2022-03-18 20:50:03,38.8403,-97.6114,53.73,44,0,27.63
183,Chokurdakh,RU,2022-03-18 20:50:28,70.6333,147.9167,-24.75,100,66,5.91
184,Nemuro,JP,2022-03-18 20:50:28,43.3236,145.575,31.28,93,100,14.41
185,Ladario,BR,2022-03-18 20:50:29,-19.0047,-57.6017,91.69,58,40,8.05
186,Sisimiut,GL,2022-03-18 20:51:29,66.9395,-53.6735,-1.71,91,100,8.23
187,Chumikan,RU,2022-03-18 20:51:29,54.7183,135.315,11.53,96,100,4.36
188,Nagar Karnul,IN,2022-03-18 20:51:30,16.4821,78.3247,78.28,45,65,4.03
189,Camacha,PT,2022-03-18 20:51:30,33.0833,-16.3333,56.62,72,75,5.75
190,Gamba,GA,2022-03-18 20:51:30,-2.65,10.0,77.9,90,100,7.54
191,Iraquara,BR,2022-03-18 20:51:30,-12.2486,-41.6194,76.86,59,14,8.97
192,Te Anau,NZ,2022-03-18 20:49:54,-45.4167,167.7167,56.89,71,100,1.61
193,Victoria,HK,2022-03-18 20:48:36,22.2855,114.1577,78.19,90,95,3.49
194,Rio Gallegos,AR,2022-03-18 20:51:31,-51.6226,-69.2181,48.25,40,75,17.27
195,Nkayi,CG,2022-03-18 20:51:31,-4.1841,13.2884,73.26,96,80,2.15
196,Fort Nelson,CA,2022-03-18 20:51:32,58.8053,-122.7002,42.39,33,40,2.3
197,Ewa Beach,US,2022-03-18 20:50:43,21.3156,-158.0072,82.35,54,40,12.66
198,Rabo De Peixe,PT,2022-03-18 20:51:32,37.8,-25.5833,53.28,83,40,10.36
199,Gobabis,NA,2022-03-18 20:51:32,-22.45,18.9667,61.81,87,97,15.97
200,Ormara,PK,2022-03-18 20:51:32,25.2088,64.6357,77.7,80,0,13.42
201,Olafsvik,IS,2022-03-18 20:47:36,64.8945,-23.7142,34.23,55,100,7.54
202,Touros,BR,2022-03-18 20:50:45,-5.1989,-35.4608,81.0,74,59,14.2
203,Rawson,AR,2022-03-18 20:51:33,-43.3002,-65.1023,57.43,45,4,11.83
204,Honningsvag,NO,2022-03-18 20:51:33,70.9821,25.9704,37.15,75,40,36.37
205,Avera,US,2022-03-18 20:51:33,33.194,-82.5271,57.54,86,100,1.92
206,Pangoa,PE,2022-03-18 20:51:34,-12.1167,-73.0,84.74,52,100,3.53
207,Hodmezovasarhely,HU,2022-03-18 20:51:34,46.4167,20.3333,35.19,68,5,2.57
208,Havre-Saint-Pierre,CA,2022-03-18 20:51:34,50.2334,-63.5986,34.16,86,100,13.8
209,Humberto De Campos,BR,2022-03-18 20:51:34,-2.5983,-43.4611,77.4,91,99,5.23
210,Klyuchi,RU,2022-03-18 20:51:35,52.2667,79.1667,-4.34,100,91,3.89
211,Yaan,NG,2022-03-18 20:51:35,7.3833,8.5667,88.86,11,100,3.53
212,Marsa Matruh,EG,2022-03-18 20:48:55,31.3525,27.2453,55.6,54,20,13.8
213,Georgetown,MY,2022-03-18 20:50:10,5.4112,100.3354,82.33,93,20,3.44
214,West Wendover,US,2022-03-18 20:51:35,40.7391,-114.0733,54.61,24,20,9.22
215,Luga,RU,2022-03-18 20:51:36,58.7372,29.8453,26.92,92,5,3.98
216,Veraval,IN,2022-03-18 20:49:21,20.9,70.3667,77.99,56,7,11.68
217,Kaitangata,NZ,2022-03-18 20:49:51,-46.2817,169.8464,54.46,77,99,10.94
218,George Town,MY,2022-03-18 20:50:22,5.4112,100.3354,82.33,93,20,3.44
219,Puerto Madryn,AR,2022-03-18 20:51:36,-42.7692,-65.0385,61.07,34,3,12.35
220,Lima,PE,2022-03-18 20:49:51,-12.0432,-77.0282,78.39,79,22,5.75
221,Geraldton,AU,2022-03-18 20:51:36,-28.7667,114.6,70.21,83,95,10.36
222,Bengkulu,ID,2022-03-18 20:48:39,-3.8004,102.2655,76.24,86,100,6.2
223,Guerrero Negro,MX,2022-03-18 20:51:37,27.9769,-114.0611,75.31,38,0,14.0
224,Luwuk,ID,2022-03-18 20:51:37,-0.9516,122.7875,77.65,84,100,3.11
225,Vardo,NO,2022-03-18 20:48:45,70.3705,31.1107,31.98,80,0,21.85
226,Zhmerynka,UA,2022-03-18 20:51:37,49.037,28.112,25.92,63,9,5.12
227,Husavik,IS,2022-03-18 20:51:38,66.0449,-17.3389,28.15,76,100,3.47
228,Meulaboh,ID,2022-03-18 20:51:38,4.1363,96.1285,76.21,91,100,4.65
229,Paramonga,PE,2022-03-18 20:51:38,-10.6667,-77.8333,74.57,75,9,10.16
230,Taltal,CL,2022-03-18 20:51:39,-25.4,-70.4833,72.18,69,24,6.55
231,Vanimo,PG,2022-03-18 20:48:45,-2.6741,141.3028,77.22,91,69,5.39
232,Pauini,BR,2022-03-18 20:52:39,-7.7136,-66.9764,80.62,91,97,1.63
233,Walvis Bay,NA,2022-03-18 20:52:39,-22.9575,14.5053,64.09,82,0,2.3
234,Porto Walter,BR,2022-03-18 20:52:40,-8.2686,-72.7439,83.03,70,100,2.84
235,Inuvik,CA,2022-03-18 20:49:49,68.3499,-133.7218,-6.59,73,100,8.05
236,Alihe,CN,2022-03-18 20:52:40,50.5667,123.7167,6.39,98,100,2.59
237,Sao Joao Da Barra,BR,2022-03-18 20:44:49,-21.6403,-41.0511,84.29,84,0,15.86
238,Guna,IN,2022-03-18 20:52:40,24.65,77.3167,78.22,25,7,7.52
239,Konya,TR,2022-03-18 20:52:41,38.1667,32.5,17.01,71,76,15.21
240,Usagara,TZ,2022-03-18 20:52:41,-2.6833,33.0,70.02,83,13,4.07
241,Port-Cartier,CA,2022-03-18 20:52:41,50.0334,-66.8654,38.75,77,21,10.33
242,Sinnamary,GF,2022-03-18 20:52:42,5.3833,-52.95,78.13,84,100,10.36
243,Balykshi,KZ,2022-03-18 20:52:42,47.0667,51.8667,15.8,79,0,11.18
244,Portland,US,2022-03-18 20:49:06,45.5234,-122.6762,60.01,70,75,12.66
245,Danville,US,2022-03-18 20:52:42,36.586,-79.395,75.85,44,40,8.99
246,Marathon,US,2022-03-18 20:52:42,44.9,-89.7668,42.75,65,100,11.5
247,Grand Gaube,MU,2022-03-18 20:52:43,-20.0064,57.6608,78.39,89,67,3.96
248,Haines Junction,CA,2022-03-18 20:49:49,60.7522,-137.5108,30.15,80,100,2.3
249,Kilindoni,TZ,2022-03-18 20:52:43,-7.9139,39.6668,82.02,76,43,9.17
250,Ola,RU,2022-03-18 20:52:43,59.5833,151.2833,9.0,80,93,7.45
251,San Patricio,US,2022-03-18 20:52:11,28.017,-97.5169,79.16,25,0,14.58
252,Bayji,IQ,2022-03-18 20:52:44,34.9311,43.487,51.75,33,3,9.04
253,Lata,PT,2022-03-18 20:52:06,40.1629,-8.3327,60.82,72,10,4.85
254,Gayny,RU,2022-03-18 20:52:44,60.3071,54.3241,27.34,94,92,5.91
255,Hohhot,CN,2022-03-18 20:50:40,40.8106,111.6522,21.49,73,0,2.24
256,Malanje,AO,2022-03-18 20:52:44,-9.5402,16.341,66.04,91,100,2.06
257,Bongandanga,CD,2022-03-18 20:52:45,1.5,21.05,77.92,57,96,2.86
258,Lac Du Bonnet,CA,2022-03-18 20:52:45,50.2536,-96.0612,36.27,98,84,8.34
259,Saint-Georges,GD,2022-03-18 20:52:45,12.0564,-61.7485,78.87,74,46,17.45
260,Saint-Augustin,CA,2022-03-18 20:52:46,51.226,-58.6502,33.64,89,100,4.32
261,Ostrovnoy,RU,2022-03-18 20:51:19,68.0531,39.5131,32.79,86,40,22.5
262,Skegness,GB,2022-03-18 20:52:46,53.1436,0.3363,46.02,86,3,11.92
263,Hervey Bay,AU,2022-03-18 20:52:46,-25.2986,152.8535,74.77,65,98,17.67
264,Sao Filipe,CV,2022-03-18 20:52:46,14.8961,-24.4956,70.52,72,25,11.88
265,Svetlaya,RU,2022-03-18 20:52:47,46.5389,138.3297,17.38,69,100,7.25
266,Kruisfontein,ZA,2022-03-18 20:52:47,-34.0033,24.7314,66.04,89,71,3.18
267,San Policarpo,PH,2022-03-18 20:52:47,12.1791,125.5072,80.17,83,100,2.77
268,Margate,GB,2022-03-18 20:48:43,51.3813,1.3862,49.3,82,6,5.99
269,Zeya,RU,2022-03-18 20:52:48,53.75,127.2667,-6.2,100,99,1.72
270,Tabou,CI,2022-03-18 20:52:48,4.423,-7.3528,80.37,85,31,7.36
271,Sebinkarahisar,TR,2022-03-18 20:52:48,40.2883,38.4236,7.75,86,100,4.25
272,Springdale,US,2022-03-18 20:52:49,36.1867,-94.1288,41.58,96,100,18.41
273,Komsomolskiy,UZ,2022-03-18 20:52:49,40.4272,71.7189,38.12,81,75,6.91
274,Karratha,AU,2022-03-18 20:52:49,-20.7377,116.8463,85.95,68,29,4.72
275,Umm Lajj,SA,2022-03-18 20:49:48,25.0213,37.2685,68.63,48,0,11.99
276,Yerbogachen,RU,2022-03-18 20:52:50,61.2767,108.0108,0.99,95,100,6.78
277,Rock Sound,BS,2022-03-18 20:53:50,24.9,-76.2,77.41,79,1,12.33
278,Mana,GF,2022-03-18 20:53:50,5.6592,-53.7767,78.13,83,99,10.02
279,Krasnoselkup,RU,2022-03-18 20:51:10,65.7,82.4667,12.25,95,75,10.11
280,Padang,ID,2022-03-18 20:53:50,-0.9492,100.3543,76.57,80,100,3.04
281,Usoke,TZ,2022-03-18 20:53:51,-5.1667,32.35,62.87,91,57,1.43
282,Bonavista,CA,2022-03-18 20:53:51,48.6499,-53.1147,34.47,99,100,8.55
283,Pindiga,NG,2022-03-18 20:53:51,9.9833,10.9333,82.4,10,100,7.02
284,Barahona,DO,2022-03-18 20:53:52,18.2085,-71.1008,85.82,66,75,13.8
285,Souillac,MU,2022-03-18 20:49:56,-20.5167,57.5167,77.38,94,20,3.44
286,Sauteurs,GD,2022-03-18 20:53:52,12.2167,-61.6333,78.1,74,22,21.43
287,Tuatapere,NZ,2022-03-18 20:53:20,-46.1333,167.6833,58.05,66,100,2.44
288,Kalmunai,LK,2022-03-18 20:53:52,7.4167,81.8167,76.78,83,13,3.18
289,Liverpool,GB,2022-03-18 20:53:53,53.4106,-2.9779,52.65,73,0,10.36
290,Bembereke,BJ,2022-03-18 20:53:53,10.2283,2.6634,89.1,16,71,2.62
291,Epe,NG,2022-03-18 20:53:53,6.5841,3.9834,81.99,83,42,6.98
292,Kaeo,NZ,2022-03-18 20:50:11,-35.1,173.7833,64.33,97,37,2.8
293,Salalah,OM,2022-03-18 20:47:31,17.0151,54.0924,80.69,16,0,19.57
294,Huancabamba,PE,2022-03-18 20:53:53,-5.2386,-79.4506,63.55,97,99,2.46
295,Barcelona,ES,2022-03-18 20:50:06,41.3888,2.159,58.69,55,20,17.27
296,Aykhal,RU,2022-03-18 20:53:54,66.0,111.5,1.89,95,100,15.97
297,Kultuk,RU,2022-03-18 20:53:54,51.7208,103.6956,12.4,94,100,4.03
298,Develi,TR,2022-03-18 20:53:54,38.3906,35.4922,16.95,93,69,3.94
299,Narsaq,GL,2022-03-18 20:49:55,60.9167,-46.05,17.82,70,99,6.4
300,Alcala La Real,ES,2022-03-18 20:53:55,37.4614,-3.923,49.06,70,82,1.01
301,Fomboni,KM,2022-03-18 20:53:55,-12.28,43.7425,83.44,74,100,10.63
302,Poya,NC,2022-03-18 20:53:55,-21.35,165.15,78.93,82,71,4.38
303,Qaqortoq,GL,2022-03-18 20:49:57,60.7167,-46.0333,12.58,72,99,6.08
304,Aklavik,CA,2022-03-18 20:47:35,68.2191,-135.0107,-5.8,65,75,11.5
305,Sun City West,US,2022-03-18 20:53:55,33.662,-112.3413,83.23,11,0,5.99
306,Devils Lake,US,2022-03-18 20:53:56,48.1128,-98.8651,44.58,74,0,11.5
307,Maarianhamina,AX,2022-03-18 20:53:56,60.0973,19.9348,37.26,70,0,6.91
308,Preobrazheniye,RU,2022-03-18 20:53:56,42.9019,133.9064,24.46,72,24,10.27
309,Pimentel,PE,2022-03-18 20:53:57,-6.8367,-79.9342,77.29,65,0,13.8
310,Maniitsoq,GL,2022-03-18 20:53:57,65.4167,-52.9,-0.2,91,100,8.05
311,Tarko-Sale,RU,2022-03-18 20:53:57,64.9225,77.785,19.85,94,100,11.05
312,Aranos,NA,2022-03-18 20:53:58,-24.1333,19.1167,63.93,85,98,15.66
313,Delhi,IN,2022-03-18 20:48:58,28.6667,77.2167,73.49,94,2,0.0
314,Hofn,IS,2022-03-18 20:53:58,64.2539,-15.2082,36.99,72,100,4.12
315,Arraial Do Cabo,BR,2022-03-18 20:47:30,-22.9661,-42.0278,84.16,65,0,17.27
316,Mandla,IN,2022-03-18 20:53:58,22.6,80.3833,76.86,25,9,2.44
317,Fortuna,US,2022-03-18 20:48:40,40.5982,-124.1573,63.93,62,0,5.75
318,Chapais,CA,2022-03-18 20:53:59,49.7834,-74.8492,33.58,70,6,5.03
319,Tchibanga,GA,2022-03-18 20:53:59,-2.85,11.0333,73.33,97,100,2.44
320,Dangriga,BZ,2022-03-18 20:53:59,16.9692,-88.2321,81.36,76,13,9.75
321,Beihai,CN,2022-03-18 20:54:00,21.4833,109.1,71.28,90,11,1.66
322,Ankang,CN,2022-03-18 20:54:00,32.68,109.0172,60.37,74,100,2.98
323,Udachnyy,RU,2022-03-18 20:54:31,66.4167,112.4,5.45,84,100,13.24
324,Ust-Maya,RU,2022-03-18 20:55:00,60.4167,134.5333,6.75,98,100,1.74
325,Severo-Kurilsk,RU,2022-03-18 20:51:01,50.6789,156.125,32.02,95,100,30.29
326,Clearwater,US,2022-03-18 20:54:05,27.9659,-82.8001,89.11,72,0,12.66
327,Kamaishi,JP,2022-03-18 20:55:01,39.2667,141.8833,35.67,95,100,28.79
328,Mirnyy,RU,2022-03-18 20:55:01,62.5353,113.9611,-9.9,100,100,4.16
329,Vitim,RU,2022-03-18 20:55:01,59.4511,112.5578,-0.42,100,100,2.57
330,Benito Juarez,MX,2022-03-18 20:55:02,19.385,-99.165,78.01,27,25,10.0
331,Limbang,MY,2022-03-18 20:55:02,4.75,115.0,77.11,98,100,3.13
332,Neyshabur,IR,2022-03-18 20:55:02,36.2133,58.7958,38.52,59,1,1.79
333,Banjar,ID,2022-03-18 20:55:03,-8.19,114.9675,77.99,93,100,4.25
334,Lengshuijiang,CN,2022-03-18 20:55:03,27.6881,111.4294,56.37,92,3,0.87
335,Vao,NC,2022-03-18 20:54:35,-22.6667,167.4833,77.05,74,82,4.21
336,Mujiayingzi,CN,2022-03-18 20:55:03,42.1167,118.7833,12.22,91,44,4.5
337,Cairns,AU,2022-03-18 20:55:03,-16.9167,145.7667,78.06,94,75,10.36
338,Tura,IN,2022-03-18 20:49:52,25.5198,90.2201,73.09,38,90,1.99
339,Xapuri,BR,2022-03-18 20:55:04,-10.6517,-68.5044,82.2,74,85,2.21
340,Kawalu,ID,2022-03-18 20:55:04,-7.3817,108.2082,72.9,97,90,1.86
341,Wenling,CN,2022-03-18 20:55:04,28.3669,121.36,53.15,89,99,4.18
342,Solton,RU,2022-03-18 20:55:05,52.8429,86.4787,-3.8,100,64,1.34
343,Havelock,US,2022-03-18 20:49:49,34.8791,-76.9013,75.16,74,40,13.8
344,Codrington,AU,2022-03-18 20:52:17,-38.2667,141.9667,60.08,79,62,6.71
345,Cabedelo,BR,2022-03-18 20:54:31,-6.9811,-34.8339,83.07,69,87,11.5
346,Carutapera,BR,2022-03-18 20:55:05,-1.195,-46.02,78.42,87,78,5.08
347,Gainesville,US,2022-03-18 20:51:12,29.6516,-82.3248,87.64,51,20,19.57
348,Sembe,CG,2022-03-18 20:55:05,1.6481,14.5806,78.22,55,63,1.48
349,Aberdeen,GB,2022-03-18 20:51:57,57.1437,-2.0981,45.66,86,85,6.91
350,Muli,MV,2022-03-18 20:55:06,2.9167,73.5667,82.11,74,10,15.48
351,Valley City,US,2022-03-18 20:55:06,46.9233,-98.0032,43.32,75,0,6.91
352,Zhigansk,RU,2022-03-18 20:55:06,66.7697,123.3711,-7.04,99,100,16.24
353,Surt,LY,2022-03-18 20:55:07,31.2089,16.5887,65.46,44,80,31.76
354,Newport,GB,2022-03-18 20:54:27,51.5877,-2.9984,52.12,75,48,10.47
355,Sao Miguel Do Araguaia,BR,2022-03-18 20:55:07,-13.275,-50.1628,79.18,84,75,4.27
356,Mega,ET,2022-03-18 20:55:07,4.05,38.3,67.41,40,40,9.13
357,Luena,AO,2022-03-18 20:55:08,-11.7833,19.9167,63.03,94,83,1.92
358,Berlevag,NO,2022-03-18 20:53:45,70.8578,29.0864,35.55,75,20,33.38
359,Ecija,ES,2022-03-18 20:55:08,37.5422,-5.0826,56.98,77,60,6.55
360,Tukrah,LY,2022-03-18 20:55:08,32.5341,20.5791,56.64,74,100,21.43
361,Conceicao Do Araguaia,BR,2022-03-18 20:55:09,-8.2578,-49.2647,78.42,88,100,1.86
362,Ilulissat,GL,2022-03-18 20:53:20,69.2167,-51.1,-0.09,94,100,1.05
363,Necochea,AR,2022-03-18 20:48:00,-38.5473,-58.7368,59.68,46,40,15.55
364,Tambopata,PE,2022-03-18 20:55:09,-12.7333,-69.1833,93.09,49,20,4.61
365,Jati,PK,2022-03-18 20:55:09,24.3539,68.2671,76.93,65,2,9.8
366,Douglas,US,2022-03-18 20:55:10,41.3,-96.167,50.68,52,40,17.27
367,Castelldefels,ES,2022-03-18 20:55:10,41.2779,1.9703,59.05,55,20,17.27
368,Bathsheba,BB,2022-03-18 20:54:36,13.2167,-59.5167,83.01,61,40,25.32
369,Looc,PH,2022-03-18 20:56:10,12.2605,121.9926,78.1,79,100,5.3
370,Tiarei,PF,2022-03-18 20:56:10,-17.5333,-149.3333,86.02,69,0,9.64
371,Ayan,RU,2022-03-18 20:56:11,56.45,138.1667,12.56,95,100,6.29
372,Zaraza,VE,2022-03-18 20:56:11,9.3503,-65.3245,92.35,35,80,11.72
373,Beaumont,US,2022-03-18 20:56:11,30.0861,-94.1019,75.18,33,0,17.27
374,Comodoro Rivadavia,AR,2022-03-18 20:56:11,-45.8667,-67.5,60.66,33,20,10.36
375,Umm Kaddadah,SD,2022-03-18 20:56:12,13.6017,26.6876,67.46,14,84,12.35
376,Flinders,AU,2022-03-18 20:56:12,-34.5833,150.8552,67.17,92,100,3.0
377,Inhambane,MZ,2022-03-18 20:56:12,-23.865,35.3833,73.63,62,79,11.01
378,Awjilah,LY,2022-03-18 20:54:30,29.1081,21.2869,64.22,24,84,18.32
379,Fairmont,US,2022-03-18 20:54:51,39.4851,-80.1426,73.33,39,100,4.0
380,Eyl,SO,2022-03-18 20:56:13,7.9803,49.8164,76.64,77,0,13.09
381,Yarada,IN,2022-03-18 20:56:13,17.65,83.2667,75.52,94,20,2.3
382,Orocue,CO,2022-03-18 20:56:13,4.7912,-71.3354,91.74,38,93,10.04
383,Petrovskoye,RU,2022-03-18 20:56:13,57.0104,39.2693,30.42,85,100,3.6
384,Khandyga,RU,2022-03-18 20:56:14,62.6667,135.6,4.35,98,100,2.13
385,Hovd,MN,2022-03-18 20:56:14,48.0056,91.6419,18.55,72,100,1.74
386,Oktyabrskoye,RU,2022-03-18 20:56:14,43.0645,44.7417,23.14,85,94,6.71
387,Sarangpur,IN,2022-03-18 20:56:15,23.5667,76.4667,79.48,25,38,4.63
388,Omsukchan,RU,2022-03-18 20:48:45,62.5333,155.8,-6.36,72,3,7.81
389,Lagoa,PT,2022-03-18 20:49:53,39.05,-27.9833,51.94,65,100,32.23
390,Port Lincoln,AU,2022-03-18 20:52:11,-34.7333,135.8667,64.24,88,2,6.87
391,Aguimes,ES,2022-03-18 20:56:15,27.9054,-15.4461,61.43,72,20,17.27
392,Nome,US,2022-03-18 20:56:15,64.5011,-165.4064,-5.42,86,39,6.91
393,Lensk,RU,2022-03-18 20:56:16,60.7253,114.9278,-11.58,100,92,3.67
394,Itaueira,BR,2022-03-18 20:53:09,-7.6033,-43.0256,79.95,65,92,2.8
395,Diapaga,BF,2022-03-18 20:56:16,12.0708,1.7889,89.62,11,12,6.31
396,Asosa,ET,2022-03-18 20:56:16,10.0667,34.5333,71.08,31,10,0.45
397,Borshchiv,UA,2022-03-18 20:56:16,48.8033,26.0435,30.4,55,80,4.7
398,Santana Do Livramento,BR,2022-03-18 20:56:17,-30.8908,-55.5328,66.27,94,22,22.66
399,Sidi Ali,DZ,2022-03-18 20:56:17,36.0998,0.4206,52.36,84,66,16.2
400,Aquiraz,BR,2022-03-18 20:56:17,-3.9014,-38.3911,84.29,82,12,8.19
401,Itaguai,BR,2022-03-18 20:56:17,-22.8522,-43.7753,93.09,49,20,6.91
402,Bud,US,2022-03-18 20:53:23,39.447,-86.1758,58.68,94,100,13.4
403,Stromness,GB,2022-03-18 20:56:18,58.965,-3.296,46.36,72,100,18.16
404,Chicama,PE,2022-03-18 20:56:18,-7.8447,-79.1469,68.54,58,11,11.25
405,Bradford,GB,2022-03-18 20:56:18,53.7939,-1.7521,49.62,82,0,6.91
406,Matamoros,MX,2022-03-18 20:51:21,25.5333,-103.25,79.14,7,33,0.92
407,Hampton,US,2022-03-18 20:53:47,37.0299,-76.3452,76.17,72,40,10.36
408,Villagarzon,CO,2022-03-18 20:56:19,1.0375,-76.6267,82.6,76,72,2.98
409,Ulladulla,AU,2022-03-18 20:55:45,-35.35,150.4667,65.77,85,100,13.27
410,Poum,NC,2022-03-18 20:56:19,-20.2333,164.0167,80.35,75,83,5.46
411,Sassandra,CI,2022-03-18 20:56:19,4.95,-6.0833,80.1,86,13,6.93
412,Mao,ES,2022-03-18 20:56:20,39.8885,4.2658,55.96,88,40,12.66
413,Agirish,RU,2022-03-18 20:50:59,61.9247,63.0231,14.81,97,58,4.5
414,Dargaville,NZ,2022-03-18 20:51:53,-35.9333,173.8833,63.99,85,81,1.45
415,Dudinka,RU,2022-03-18 20:55:44,69.4058,86.1778,20.62,98,98,9.19
416,Paris,FR,2022-03-18 20:56:53,48.8534,2.3488,53.38,43,0,14.97
417,Arrifes,PT,2022-03-18 20:57:20,37.7667,-25.7,52.23,76,40,10.36
418,Lapua,FI,2022-03-18 20:57:20,62.9693,23.0088,34.48,95,66,4.18
419,Vila Velha,BR,2022-03-18 20:57:21,-20.3297,-40.2925,84.15,79,0,14.97
420,Saldanha,ZA,2022-03-18 20:52:10,-33.0117,17.9442,75.25,83,6,10.74
421,Bonthe,SL,2022-03-18 20:57:21,7.5264,-12.505,77.34,80,11,5.37
422,Los Algarrobos,PA,2022-03-18 20:57:21,8.5,-82.4333,88.21,58,20,9.22
423,Maceio,BR,2022-03-18 20:57:21,-9.6658,-35.7353,80.04,73,20,8.05
424,Waipawa,NZ,2022-03-18 20:57:22,-41.4122,175.5153,52.41,67,4,5.41
425,Dunedin,NZ,2022-03-18 20:56:53,-45.8742,170.5036,56.8,71,100,4.0
426,Ixtapa,MX,2022-03-18 20:53:24,20.7,-105.2,88.47,19,1,8.57
427,Calama,CL,2022-03-18 20:57:22,-22.4667,-68.9333,75.69,12,0,17.27
428,Wajima,JP,2022-03-18 20:57:22,37.4,136.9,40.71,95,100,16.33
429,Jiangmen,CN,2022-03-18 20:57:23,22.5833,113.0833,77.99,76,38,3.15
430,Sitka,US,2022-03-18 20:57:23,57.0531,-135.33,39.16,93,100,8.43
431,Mitsamiouli,KM,2022-03-18 20:57:23,-11.3847,43.2844,82.44,78,97,7.52
432,Redmond,US,2022-03-18 20:57:24,47.674,-122.1215,56.46,75,100,1.99
433,Oda,JP,2022-03-18 20:54:41,35.1833,132.5,43.65,85,100,9.4
434,Dombarovskiy,RU,2022-03-18 20:57:24,50.7587,59.5386,9.43,97,100,3.51
435,Linjiang,CN,2022-03-18 20:57:24,41.8069,126.9078,25.88,96,100,3.42
436,La Grande,US,2022-03-18 20:54:30,45.3246,-118.0877,58.01,44,97,8.99
437,Moindou,NC,2022-03-18 20:57:25,-21.6924,165.677,78.66,80,94,4.36
438,Lebedyn,UA,2022-03-18 20:57:25,50.5852,34.4849,18.88,94,68,4.61
439,Cockburn Town,TC,2022-03-18 20:57:25,21.4612,-71.1419,82.36,65,40,14.97
440,Warud,IN,2022-03-18 20:54:32,21.4667,78.2667,82.18,22,24,2.06
441,Poshekhonye,RU,2022-03-18 20:57:25,58.4993,39.1353,28.35,99,100,2.04
442,Flin Flon,CA,2022-03-18 20:56:58,54.7682,-101.865,40.84,56,75,3.44
443,Nishihara,JP,2022-03-18 20:56:52,26.1842,127.7558,67.28,73,100,12.66
444,Muisne,EC,2022-03-18 20:57:26,0.6,-80.0333,82.26,72,12,8.28
445,Pak Phanang,TH,2022-03-18 20:57:26,8.3511,100.202,80.13,82,100,7.09
446,Agua Dulce,MX,2022-03-18 20:57:26,18.1333,-94.1333,85.68,62,3,5.88
447,Kosino,RU,2022-03-18 20:57:27,58.4127,51.2782,28.8,89,98,4.16
448,Lesozavodsk,RU,2022-03-18 20:57:27,45.4794,133.4244,12.4,91,90,6.93
449,Mayo,US,2022-03-18 20:52:09,38.8876,-76.5119,76.08,68,0,12.66
450,Omboue,GA,2022-03-18 20:57:28,-1.5746,9.2618,78.03,91,100,7.54
451,Takoradi,GH,2022-03-18 20:57:28,4.8845,-1.7554,81.54,85,11,10.25
452,Shunyi,CN,2022-03-18 20:57:28,40.125,116.6453,30.15,59,0,11.01
453,Kirakira,SB,2022-03-18 20:52:06,-10.4544,161.9205,80.98,83,100,5.57
454,Kindu,CD,2022-03-18 20:57:29,-2.95,25.95,69.42,87,100,2.51
455,Kjollefjord,NO,2022-03-18 20:57:29,70.9457,27.3465,37.45,77,99,32.1
456,Waitati,NZ,2022-03-18 20:57:29,-45.75,170.5667,56.8,71,100,10.38
457,Javanrud,IR,2022-03-18 20:57:30,34.7961,46.5172,34.74,49,3,2.33
458,Port Arthur,CN,2022-03-18 20:57:30,38.8,121.2667,28.62,83,100,32.26
459,Teknaf,BD,2022-03-18 20:57:30,20.8624,92.3058,71.82,75,93,5.68
460,La Cruz,MX,2022-03-18 20:57:31,23.9167,-106.9,78.37,36,21,9.64
461,Verkhnevilyuysk,RU,2022-03-18 20:58:31,63.4453,120.3167,-12.53,100,82,3.83
462,Funtua,NG,2022-03-18 20:58:31,11.5233,7.3081,75.76,12,69,9.93
463,Sur,OM,2022-03-18 20:58:31,22.5667,59.5289,76.98,60,0,6.87
464,Maracas,BR,2022-03-18 20:58:32,-13.4411,-40.4308,67.57,86,22,9.6
465,Valparaiso,CL,2022-03-18 20:58:32,-33.0393,-71.6273,85.64,40,0,13.8
466,Alvaraes,BR,2022-03-18 20:58:32,-3.2208,-64.8042,91.27,86,80,0.74
467,Asau,RO,2022-03-18 20:58:33,46.4333,26.4,27.95,54,95,3.87
468,Diofior,SN,2022-03-18 20:58:33,14.1833,-16.6667,75.52,36,0,12.66
469,Stephenville,US,2022-03-18 20:58:33,32.2207,-98.2023,66.92,28,0,17.27
470,Kamalia,PK,2022-03-18 20:58:34,30.7333,72.65,76.98,16,0,5.7
471,Tokur,RU,2022-03-18 20:58:34,53.1333,132.9,1.26,98,100,1.66
472,Resplendor,BR,2022-03-18 20:58:34,-19.3256,-41.2553,77.81,71,7,3.24
473,Hastings,GB,2022-03-18 20:55:56,50.8552,0.5729,49.78,73,3,19.75
474,Mukhen,RU,2022-03-18 20:58:35,48.1,136.1,3.31,97,83,1.95
475,Praia Da Vitoria,PT,2022-03-18 20:56:56,38.7333,-27.0667,49.75,87,75,25.19
476,Soyo,AO,2022-03-18 20:58:35,-6.1349,12.3689,80.13,83,71,10.47
477,Leek,NL,2022-03-18 20:58:35,53.1625,6.3764,45.1,62,7,8.05
478,Olinda,BR,2022-03-18 20:58:35,-8.0089,-34.8553,83.93,61,40,6.91
479,Neka,IR,2022-03-18 20:58:36,36.6508,53.299,42.04,75,22,6.02
480,Ukiah,US,2022-03-18 20:58:04,39.1502,-123.2078,73.17,45,100,1.01
481,Bandarbeyla,SO,2022-03-18 20:58:36,9.4942,50.8122,77.29,73,1,14.45
482,Saint-Francois,FR,2022-03-18 20:58:36,46.4154,3.9054,49.68,66,0,12.66
483,Colimes,EC,2022-03-18 20:58:37,-1.55,-80.0167,83.35,79,38,3.22
484,Tezu,IN,2022-03-18 20:58:37,27.9167,96.1667,72.25,35,94,4.59
485,Pacific Grove,US,2022-03-18 20:58:37,36.6177,-121.9166,70.56,74,66,10.0
486,Kismayo,SO,2022-03-18 20:58:05,-0.3582,42.5454,79.39,80,85,10.65
487,Bakchar,RU,2022-03-18 20:58:38,57.0186,82.0711,9.48,99,95,4.88
488,Mezhdurechensk,RU,2022-03-18 20:58:38,53.6942,88.0603,8.33,98,100,1.1
489,Tuensang,IN,2022-03-18 20:58:38,26.2833,94.8333,63.39,43,71,3.65
490,Havoysund,NO,2022-03-18 20:58:00,70.9963,24.6622,37.63,79,68,36.93
491,Galesong,ID,2022-03-18 20:58:39,-5.3166,119.3661,78.82,83,100,10.22
492,Katherine,AU,2022-03-18 20:58:39,-14.4667,132.2667,79.12,83,40,0.0
493,Templin,DE,2022-03-18 20:58:39,53.1186,13.5022,45.14,91,28,5.93
494,Aasiaat,GL,2022-03-18 20:58:39,68.7098,-52.8699,4.64,85,100,10.36
495,Caravelas,BR,2022-03-18 20:55:43,-17.7125,-39.2481,77.4,78,3,5.19
496,La Ronge,CA,2022-03-18 20:58:40,55.1001,-105.2842,46.65,34,20,8.05
497,Diego De Almagro,CL,2022-03-18 20:58:40,-26.3667,-70.05,82.8,23,0,11.14
498,Tual,ID,2022-03-18 20:53:48,-5.6667,132.75,84.16,70,67,4.38
499,Bosaso,SO,2022-03-18 20:58:40,11.2842,49.1816,75.87,71,2,4.18
500,Yabrud,SY,2022-03-18 20:58:40,33.9674,36.6574,35.69,85,36,2.33
501,Sistranda,NO,2022-03-18 20:58:41,63.7256,8.834,42.76,68,100,24.11
502,Itoman,JP,2022-03-18 20:58:41,26.1247,127.6694,68.02,73,100,12.66
503,Richards Bay,ZA,2022-03-18 20:44:54,-28.783,32.0377,66.96,79,54,3.94
504,Ankazoabo,MG,2022-03-18 20:58:41,-22.2833,44.5167,71.76,85,83,13.02
505,Dutlwe,BW,2022-03-18 20:58:42,-23.9833,23.9,63.99,75,98,5.17
506,Hami,CN,2022-03-18 20:58:42,42.8,93.45,47.88,31,100,4.74
507,Jumla,NP,2022-03-18 20:59:42,29.2747,82.1838,51.1,78,9,4.76
508,Alnashi,RU,2022-03-18 20:59:42,56.1874,52.4792,27.23,93,100,4.97
509,Zambezi,ZM,2022-03-18 20:53:28,-13.5432,23.1047,65.97,95,99,4.43
510,Ancud,CL,2022-03-18 20:56:54,-41.8697,-73.8203,59.23,58,100,2.95
511,Acapulco,MX,2022-03-18 20:55:32,16.8634,-99.8901,84.25,53,92,11.21
512,Marawi,PH,2022-03-18 20:52:08,7.9986,124.2928,67.98,94,54,3.15
513,Korhogo,CI,2022-03-18 20:59:43,9.45,-5.6333,89.28,36,96,1.99
514,Port Augusta,AU,2022-03-18 20:59:43,-32.5,137.7667,73.15,52,0,4.68
515,Izhma,RU,2022-03-18 20:59:43,65.0083,53.9113,19.89,97,52,4.07
516,Ankpa,NG,2022-03-18 20:59:44,7.3706,7.6253,81.39,25,100,2.17
517,Binghamton,US,2022-03-18 20:59:44,42.0987,-75.918,73.0,36,70,5.01
518,Morant Bay,JM,2022-03-18 20:52:18,17.8815,-76.4093,88.72,65,0,13.29
519,Tazovskiy,RU,2022-03-18 20:59:44,67.4667,78.7,26.11,96,100,15.95
520,Lexington,US,2022-03-18 20:54:59,37.9887,-84.4777,67.89,55,100,4.0
521,Samfya,ZM,2022-03-18 20:59:45,-11.3649,29.5565,64.54,93,100,2.04
522,Sucre,BO,2022-03-18 20:59:45,-19.0333,-65.2627,64.29,54,92,16.49
523,Chokwe,MZ,2022-03-18 20:59:45,-24.5333,32.9833,67.21,73,87,5.41
524,Talaya,RU,2022-03-18 20:59:45,61.3833,152.75,-11.38,82,81,4.76
525,Tessalit,ML,2022-03-18 20:59:46,20.1986,1.0114,79.86,13,5,9.13
526,Eskisehir,TR,2022-03-18 20:55:21,39.7767,30.5206,21.11,73,75,14.97
527,Kostino,RU,2022-03-18 20:59:46,58.9097,53.2691,18.5,99,68,3.29
528,Cedar City,US,2022-03-18 20:58:13,37.6775,-113.0619,56.39,23,29,4.52
529,Oxapampa,PE,2022-03-18 20:59:46,-10.5775,-75.4017,68.86,74,100,2.82
530,Acarau,BR,2022-03-18 20:59:47,-2.8856,-40.12,80.13,78,24,12.28
531,San Quintin,MX,2022-03-18 20:59:47,30.4833,-115.95,67.89,56,0,12.41
532,Alice Springs,AU,2022-03-18 20:59:12,-23.7,133.8833,69.35,68,8,4.61
533,Paraiso,CR,2022-03-18 20:59:47,9.8383,-83.8656,79.66,73,96,3.98
534,De Pere,US,2022-03-18 20:59:48,44.4489,-88.0604,36.61,93,100,19.57
535,Daru,PG,2022-03-18 20:59:48,-9.0763,143.2092,78.17,89,82,4.83
536,Xining,CN,2022-03-18 20:51:02,36.6167,101.7667,44.76,51,100,2.77
537,Ekhabi,RU,2022-03-18 20:59:48,53.5102,142.9671,24.44,97,100,5.23
538,Verkhoyansk,RU,2022-03-18 20:59:48,67.5447,133.385,-30.44,100,73,3.13
539,Hualmay,PE,2022-03-18 20:55:27,-11.0964,-77.6139,75.29,72,7,10.87
540,Listvyanskiy,RU,2022-03-18 20:59:49,54.4399,83.4984,-2.13,100,100,1.3
541,Derzhavinsk,KZ,2022-03-18 20:58:03,51.1,66.3167,-7.47,99,50,7.09
542,Chesley,CA,2022-03-18 20:59:49,44.2966,-81.0952,43.09,83,100,9.1
543,Quebec,CA,2022-03-18 20:55:57,46.8123,-71.2145,46.62,66,75,3.44
544,Jibuti,DJ,2022-03-18 20:57:18,11.5,42.5,71.89,60,7,12.66
545,Palasa,IN,2022-03-18 20:59:49,18.7667,84.4167,71.73,83,86,5.17
546,Igboho,NG,2022-03-18 20:59:50,8.8333,3.75,87.69,27,70,1.1
547,Balakhta,RU,2022-03-18 20:59:50,55.38,91.6,1.29,99,100,2.15
548,Eureka,US,2022-03-18 20:58:08,40.8021,-124.1637,68.67,74,100,5.01
549,Zabol,AF,2022-03-18 20:59:50,32.25,67.25,54.64,39,0,6.02
550,Juneau,US,2022-03-18 20:58:38,58.3019,-134.4197,40.98,93,100,6.02
551,Kaabong,UG,2022-03-18 20:59:51,3.4836,34.1492,70.09,46,3,5.99
552,Maragogi,BR,2022-03-18 20:59:51,-9.0122,-35.2225,80.19,72,100,9.57
553,Lichinga,MZ,2022-03-18 21:00:51,-13.3128,35.2406,61.74,97,100,1.88
554,Fallon,US,2022-03-18 21:00:52,39.4735,-118.7774,61.45,28,39,5.3
555,Gulariya,NP,2022-03-18 21:00:52,28.2333,81.3333,73.96,37,27,5.53
556,Gweta,BW,2022-03-18 21:00:52,-20.1833,25.2333,68.07,68,95,13.53
557,Conde,BR,2022-03-18 21:00:53,-7.2597,-34.9075,79.29,68,51,9.75
558,Yar-Sale,RU,2022-03-18 21:00:53,66.8333,70.8333,19.44,92,97,10.67
